id;house_no;road_no;block;section;division
1;29393;23005;reprehenderit architecto onto;61176;Facilitator
2;76995;96479;forenenst female Guinea;24328;Livonia
3;85589;8987;green;58678;Developer Moines CSS
4;57868;71323;connect Grocery Vista;33463;Virginia Southeast
5;13095;41264;boldly payment Diesel;77720;Hybrid
6;6761;96241;Northeast Incredible teal;10908;installation productivity
7;98281;1685;Frozen Synergistic;87177;Hermaphrodite
8;65553;89676;without Account illum;57725;exuding Interface unusual
9;49748;24940;if Fresh;12214;AGP
10;50055;85080;Polygender;22731;Cotton online
